,City,Lat,Lon,Max Temp,Humidity,Cloudiness,Windspeed,Country,Date
0,cape town,-33.93,18.42,288.15,93,75,1,ZA,1595726445
1,hithadhoo,-0.6,73.08,301.37,66,100,1.57,MV,1595727263
2,ushuaia,-54.8,-68.3,272.15,92,20,7.7,AR,1595727185
3,hasaki,35.73,140.83,301.48,88,75,3.1,JP,1595727265
4,opuwo,-18.06,13.84,281.11,59,40,1.16,NA,1595727267
5,pangnirtung,66.15,-65.71,283.1,76,10,1.11,CA,1595727268
6,fukue,32.69,128.84,297.15,100,75,2.6,JP,1595727269
7,marsa matruh,31.35,27.25,295.15,83,0,3.69,EG,1595727270
8,rikitea,-23.12,-134.97,294.53,80,18,9.36,PF,1595727271
9,punta arenas,-53.15,-70.92,269.15,85,49,5.1,CL,1595727272
10,kruisfontein,-34.0,24.73,285.42,95,1,5.37,ZA,1595727273
11,mataura,-46.19,168.86,284.61,68,42,2.7,NZ,1595727274
12,agadez,19.75,10.25,302.61,15,1,3.5,NE,1595727276
13,bluff,-46.6,168.33,284.02,77,53,9.08,NZ,1595727277
14,bonthe,7.53,-12.51,297.05,86,97,4.01,SL,1595727278
15,ketchikan,55.34,-131.65,287.15,100,90,5.1,US,1595727279
16,saldanha,-33.01,17.94,287.15,87,60,1.5,ZA,1595727281
17,upernavik,72.79,-56.15,280.05,91,100,9.29,GL,1595727282
18,yellowknife,62.46,-114.35,295.37,35,20,3.6,CA,1595727283
19,aksarka,66.56,67.8,286.71,73,100,3.91,RU,1595727285
20,nantucket,41.28,-70.1,295.37,94,1,3.1,US,1595727286
21,clyde river,70.47,-68.59,283.15,81,1,2.6,CA,1595727287
22,norman wells,65.28,-126.83,296.15,40,90,1.5,CA,1595727288
23,road town,18.42,-64.62,302.04,84,0,6.71,VG,1595727207
24,kamaishi,39.27,141.88,297.15,88,75,4.1,JP,1595727290
25,barrow,71.29,-156.79,278.15,80,90,3.1,US,1595727153
26,busselton,-33.65,115.33,287.59,84,0,4.03,AU,1595727293
27,faanui,-16.48,-151.75,298.87,79,34,6.96,PF,1595727294
28,saint-augustin,51.23,-58.65,289.62,87,97,0.22,CA,1595727295
29,pisco,-13.7,-76.22,290.15,82,90,2.6,PE,1595727296
30,areosa,41.72,-8.86,293.15,100,75,3.86,PT,1595727297
31,hilo,19.73,-155.09,303.15,62,75,5.1,US,1595727298
32,conakry,9.54,-13.68,298.15,88,75,2.1,GN,1595727299
33,san ignacio,17.16,-89.07,300.93,100,75,2.1,BZ,1595727300
34,shubarkuduk,49.14,56.49,292.83,60,100,3.98,KZ,1595727302
35,kutum,14.2,24.67,299.16,50,19,3.54,SD,1595727303
36,vaini,-21.2,-175.2,297.15,69,40,5.1,TO,1595727304
37,teluk nibung,3.0,99.82,300.47,79,59,4.34,ID,1595727305
38,warwick,41.7,-71.42,300.15,61,20,3.6,US,1595727306
39,hobart,-42.88,147.33,284.82,66,0,2.6,AU,1595727269
40,severo-kurilsk,50.68,156.12,285.31,77,100,5.6,RU,1595727309
41,leningradskiy,69.38,178.42,284.51,73,41,3.53,RU,1595727311
42,tocopilla,-22.09,-70.2,287.94,61,0,0.34,CL,1595727312
43,dongzhen,22.38,110.94,304.85,65,99,3,CN,1595727313
44,saint-pierre,-21.34,55.48,290.15,63,20,2.6,RE,1595727227
45,zenzeli,45.92,47.05,295.93,34,0,4.99,RU,1595727315
46,diamantino,-14.41,-56.45,292.85,51,0,2.26,BR,1595727316
47,sergeyevka,53.88,67.42,289.44,76,67,0.28,KZ,1595727317
48,san lorenzo,-25.33,-57.53,283.15,71,100,1.5,PY,1595727152
49,dikson,73.51,80.55,277.08,93,100,7.43,RU,1595727325
50,cabo san lucas,22.89,-109.91,304.82,69,5,9.3,MX,1595727061
51,khatanga,71.97,102.5,278.55,78,100,6.41,RU,1595727330
52,faya,18.39,42.45,296.15,60,96,0.51,SA,1595727331
53,lebu,-37.62,-73.65,284.64,94,100,9.01,CL,1595727332
54,butaritari,3.07,172.79,301.8,75,0,6.45,KI,1595727333
55,juegang,32.32,121.19,298.41,73,100,2.59,CN,1595727334
56,uvira,-3.41,29.15,294.55,53,14,0.29,CD,1595727337
57,surazh,53.02,32.39,287.54,87,67,3.42,RU,1595727339
58,longyearbyen,78.22,15.64,292.15,63,3,4.6,SJ,1595727277
59,lazaro cardenas,17.96,-102.2,300.45,77,35,1.51,MX,1595727341
60,adoni,15.63,77.28,297.21,80,74,5.35,IN,1595727342
61,umm bab,25.21,50.81,307.59,63,1,3.1,QA,1595727343
62,bella vista,36.43,-94.23,302.15,66,20,5.1,US,1595727326
63,new norfolk,-42.78,147.06,282.59,85,0,0.89,AU,1595727347
64,hamilton,39.18,-84.53,301.48,78,1,1.28,US,1595727286
65,talcahuano,-36.72,-73.12,285.15,93,90,4.6,CL,1595727349
66,chokurdakh,70.63,147.92,305.72,24,0,7.24,RU,1595727350
67,lagoa,39.05,-27.98,295.03,88,0,7.78,PT,1595727351
68,luangwa,-15.62,30.42,288.23,82,4,2.27,ZM,1595727352
69,batagay-alyta,67.8,130.41,296.9,36,0,6.41,RU,1595727354
70,thompson,55.74,-97.86,298.15,53,40,1.5,CA,1595727110
71,albany,42.6,-73.97,297.59,49,0,1.89,US,1595727240
72,pionerskiy,54.95,20.23,285.15,93,40,1,RU,1595727357
73,vestmannaeyjar,63.44,-20.27,283.95,77,100,1.83,IS,1595727358
74,hutchinson,38.06,-97.93,304.15,55,1,5.1,US,1595727128
75,san cristobal,7.77,-72.22,291.63,90,50,0.8,VE,1595727360
76,acapulco,16.86,-99.89,302.15,74,75,2.1,MX,1595727361
77,narsaq,60.92,-46.05,281.15,93,100,1.51,GL,1595727363
78,jamestown,42.1,-79.24,294.15,77,1,1.5,US,1595727123
79,birjand,32.87,59.22,294.15,30,0,2.1,IR,1595727366
80,mount isa,-20.73,139.5,292.15,26,0,6.7,AU,1595727367
81,am timan,11.03,20.28,295.53,94,100,2.66,TD,1595727369
82,hambantota,6.12,81.12,298.15,100,90,2.1,LK,1595727371
83,cidreira,-30.18,-50.21,283.83,70,32,5.39,BR,1595727302
84,dorverden,52.85,9.23,291.48,88,100,5.1,DE,1595727373
85,skelleftea,64.75,20.95,283.15,100,30,1.5,SE,1595727374
86,atuona,-9.8,-139.03,299.73,73,2,9.61,PF,1595727375
87,praya,14.92,-23.51,300.15,78,40,2.1,CV,1595727376
88,okmulgee,35.62,-95.96,304.15,58,1,2.1,US,1595727378
89,carnarvon,-24.87,113.63,292.15,42,0,3.6,AU,1595727124
90,los llanos de aridane,28.66,-17.92,295.15,73,90,5.7,ES,1595727137
91,kapaa,22.08,-159.32,300.93,83,75,7.2,US,1595727382
92,chodavaram,17.83,82.95,300.15,94,40,1.5,IN,1595727383
93,saskylakh,71.92,114.08,275.13,92,100,10.66,RU,1595727384
94,beira,-19.84,34.84,293.15,77,20,4.1,MZ,1595727385
95,poso,-1.4,120.75,301.92,60,67,1.52,ID,1595727387
96,bari,41.12,16.85,294.82,77,0,4.6,IT,1595727389
97,naze,28.37,129.48,303.15,79,75,8.2,JP,1595727390
98,arraial do cabo,-22.97,-42.03,295.15,83,0,5.7,BR,1595727391
99,airai,-8.93,125.41,294.31,54,78,2.43,TL,1595727393
100,wainwright,52.84,-110.86,289.36,84,0,4.41,CA,1595727394
101,yerbogachen,61.28,108.01,290.14,65,7,3.38,RU,1595727395
102,newport,51.59,-3.0,287.04,92,0,5.7,GB,1595727145
103,tasiilaq,65.61,-37.64,280.15,81,100,5.1,GL,1595727397
104,codrington,-38.27,141.97,284.53,68,0,1.71,AU,1595727399
105,nemuro,43.32,145.57,289.15,87,75,1,JP,1595727400
106,aktau,43.65,51.2,296.15,46,0,5,KZ,1595727401
107,rio verde de mato grosso,-18.92,-54.84,293.17,58,0,2.84,BR,1595727402
108,roald,62.58,6.13,285.15,87,100,4.6,NO,1595727403
109,praia,14.92,-23.51,300.15,78,40,2.1,CV,1595727404
110,buin,-33.73,-70.75,281.15,75,75,2.1,CL,1595727405
111,fairbanks,64.84,-147.72,292.15,59,90,1.5,US,1595727246
112,christchurch,-43.53,172.63,287.04,54,31,1,NZ,1595727408
113,nome,64.5,-165.41,287.59,66,20,3.6,US,1595727409
114,souillac,-20.52,57.52,294.15,56,75,5.1,MU,1595727410
115,atherton,53.52,-2.49,287.04,90,70,0.45,GB,1595727269
116,adolfo lopez mateos,28.47,-107.3,290.37,88,100,3.13,MX,1595727412
117,paita,-5.09,-81.11,290.89,83,15,5.51,PE,1595727413
118,abu dhabi,24.47,54.37,306.15,63,0,2.1,AE,1595727417
119,saint-leu,-21.15,55.28,293.15,63,20,2.6,RE,1595727418
120,nikki,9.94,3.21,294.3,95,7,1.8,BJ,1595727419
121,nouadhibou,20.93,-17.03,294.15,94,90,9.3,MR,1595727420
122,nadvoitsy,63.87,34.32,286.73,82,100,3.07,RU,1595727421
123,cedar city,37.68,-113.06,301.15,20,1,3.1,US,1595727158
124,kaset sombun,16.28,101.95,303.21,63,92,1.58,TH,1595727423
125,teseney,15.11,36.66,297.26,76,96,4.06,ER,1595727424
126,aklavik,68.22,-135.01,289.15,67,75,3.6,CA,1595727426
127,okato,-39.2,173.88,285.93,72,2,2.24,NZ,1595727427
128,gao,16.64,1.64,305.18,41,0,2.82,ML,1595727428
129,tuktoyaktuk,69.45,-133.04,283.15,87,90,3.1,CA,1595727429
130,iskateley,67.68,53.15,290.84,72,51,2.47,RU,1595727430
131,jalu,29.03,21.55,298.27,38,0,3.5,LY,1595727431
132,tieli,46.95,128.05,302.28,53,9,1.14,CN,1595727432
133,homer,59.64,-151.55,286.15,87,90,3.1,US,1595727433
134,karratha,-20.74,116.85,295.79,25,99,10.15,AU,1595727289
135,san felipe,10.34,-68.74,295.11,90,100,0.3,VE,1595727436
136,kodiak,57.79,-152.41,286.15,82,75,3.6,US,1595727437
137,lorengau,-2.02,147.27,301.33,76,100,7.28,PG,1595727438
138,vernon,50.26,-119.27,298.15,33,1,7.7,CA,1595727439
139,mount pleasant,32.79,-79.86,299.82,100,1,2.63,US,1595727440
140,kayasula,44.33,45.0,296.21,79,95,4.98,RU,1595727441
141,japura,-0.32,102.35,299.76,78,92,2.43,ID,1595727442
142,buala,-8.14,159.59,299.79,84,100,5.05,SB,1595727444
143,nkhotakota,-12.93,34.3,292.1,78,100,6.25,MW,1595727445
144,martapura,-3.42,114.85,300.15,83,3,2.6,ID,1595727446
145,berdigestyakh,62.1,126.7,294.42,46,0,3.85,RU,1595727447
146,mogadishu,2.04,45.34,298.02,83,27,8.18,SO,1595727361
147,avarua,-21.21,-159.78,296.15,69,100,3.6,CK,1595727449
148,senno,59.53,33.92,284.5,98,25,2.43,RU,1595727450
149,duluth,46.78,-92.11,301.48,78,75,2.6,US,1595727169
150,sobolevo,54.43,31.9,285.85,95,9,2.86,RU,1595727454
151,balabac,7.99,117.06,302.89,65,21,2.52,PH,1595727455
152,butterworth,5.4,100.36,301.15,83,20,2.1,MY,1595727456
153,ilulissat,69.22,-51.1,280.15,93,100,5.1,GL,1595727458
154,aromashevo,56.86,68.64,286.85,74,0,2.61,RU,1595727459
155,port elizabeth,-33.92,25.57,288.15,82,0,8.2,ZA,1595727460
156,lampang,18.33,99.5,305.37,62,99,0.33,TH,1595727461
157,bereda,43.27,-7.54,290.37,99,85,0.45,ES,1595727462
158,kailua,21.4,-157.74,301.15,69,90,5.7,US,1595727463
159,port keats,-14.25,129.55,301.57,24,1,6.6,AU,1595727464
160,anadyr,64.75,177.48,295.15,68,0,2,RU,1595727466
161,sitka,57.05,-135.33,287.15,87,90,3.6,US,1595727184
162,torbay,47.67,-52.73,288.15,93,40,2.6,CA,1595727313
163,east london,-33.02,27.91,295.01,29,0,6.07,ZA,1595727469
164,kolyvan,55.31,82.74,287.15,100,40,2.08,RU,1595727470
165,alice springs,-23.7,133.88,288.15,51,0,6.2,AU,1595727369
166,sur,22.57,59.53,303.66,62,100,2.22,OM,1595727473
167,bambous virieux,-20.34,57.76,294.26,56,75,5.1,MU,1595727475
168,havre,49.58,0.33,290.15,93,90,7.2,FR,1595727477
169,nizwa,22.93,57.53,301.52,58,93,1.34,OM,1595727478
170,preobrazheniye,42.9,133.91,293.56,69,92,7.14,RU,1595727479
171,dakar,14.69,-17.44,300.15,83,20,2.1,SN,1595727036
172,colares,38.8,-9.45,292.04,96,0,10.6,PT,1595727482
173,warmbad,-28.45,18.73,285.68,39,0,0.94,NA,1595727484
174,vila velha,-20.33,-40.29,293.15,94,40,1,BR,1595727487
175,bredasdorp,-34.53,20.04,288.15,87,100,3.6,ZA,1595727488
176,mar del plata,-38.0,-57.56,280.93,87,100,6.2,AR,1595727269
177,coquimbo,-29.95,-71.34,286.15,58,100,3.6,CL,1595727491
178,castro,-24.79,-50.01,285.94,88,99,1.06,BR,1595727492
179,tommot,58.96,126.29,296.47,47,4,1.89,RU,1595727494
180,sorata,-15.77,-68.63,279.25,80,100,2.29,BO,1595727495
181,ponta do sol,32.67,-17.1,294.15,73,20,11.3,PT,1595727496
182,domokos,39.13,22.3,295.93,78,20,0.91,GR,1595727497
183,port augusta,-32.5,137.77,288.71,93,90,0.5,AU,1595727498
184,wadi musa,30.32,35.48,294.14,32,10,1.03,JO,1595727499
185,yamada,39.47,141.95,296.3,83,100,1.6,JP,1595727500
186,saint-philippe,-21.36,55.77,293.15,63,20,2.6,RE,1595727501
187,port alfred,-33.59,26.89,290.13,49,0,5.13,ZA,1595727502
188,tyumentsevo,53.32,81.5,287.14,92,98,4.49,RU,1595727504
189,saint peters,38.8,-90.63,304.82,66,1,1.5,US,1595727502
190,vostok,46.49,135.88,297.92,55,67,0.43,RU,1595727507
191,berlevag,70.86,29.09,287.44,69,0,3.47,NO,1595727508
192,port moresby,-9.44,147.18,301.15,74,90,2.6,PG,1595727509
193,tieling,42.29,123.84,305.93,22,0,4.58,CN,1595727510
194,bulri,24.87,68.33,303.66,71,100,4.69,PK,1595727511
195,esperance,-33.87,121.9,287.15,100,75,5.7,AU,1595727513
196,puerto ayora,-0.74,-90.35,292.04,96,99,3.58,EC,1595727279
197,goundam,16.41,-3.67,304.47,49,0,5.39,ML,1595727515
198,sao filipe,14.9,-24.5,298.92,90,99,2.42,CV,1595727516
199,navirai,-23.07,-54.19,285.73,76,98,1.84,BR,1595727315
200,warrington,53.39,-2.58,288.15,82,61,4.1,GB,1595727365
201,zapolyarnyy,69.42,30.81,287.15,67,0,5.7,RU,1595727519
202,viedma,-40.81,-63.0,283.15,63,100,2.68,AR,1595727520
203,kieta,-6.22,155.63,303.33,62,100,2.53,PG,1595727523
204,asasa,7.1,39.2,285.83,86,74,2.71,ET,1595727524
205,cordoba,-31.41,-64.18,283.71,29,0,7.7,AR,1595727368
206,georgetown,5.41,100.34,301.15,83,20,2.1,MY,1595727230
207,moerai,-22.43,-151.33,295.84,74,90,4.62,PF,1595727527
208,havelock,34.88,-76.9,301.48,74,40,2.1,US,1595727528
209,ahipara,-35.17,173.17,287.72,61,73,3.51,NZ,1595727529
210,longhua,23.61,114.19,306.72,55,39,2.17,CN,1595727530
211,dukat,62.55,155.55,298.14,26,0,4.17,RU,1595727532
212,gort,53.07,-8.82,287.15,87,40,5.1,IE,1595727533
213,haines junction,60.75,-137.51,289.44,43,44,5.47,CA,1595727534
214,santiago de cao,-7.96,-79.24,288.99,89,100,4.58,PE,1595727536
215,mapimi,25.82,-103.85,305.15,40,75,3.6,MX,1595727537
216,waddan,29.16,16.14,294.83,50,0,0.06,LY,1595727539
217,pevek,69.7,170.31,282.14,87,34,0.74,RU,1595727540
218,nizip,37.01,37.79,296.15,73,0,1.41,TR,1595727541
219,axim,4.87,-2.24,296.69,88,60,3.42,GH,1595727542
220,srednekolymsk,67.45,153.68,306.17,23,0,4.32,RU,1595727543
221,chistogorskiy,53.98,87.38,290.68,88,96,0.61,RU,1595727545
222,goure,13.98,10.27,300.93,67,100,1.34,NE,1595727546
223,tari,12.41,4.49,297.35,79,3,4.17,NG,1595727548
224,jidong,45.22,131.08,299.18,60,0,2.47,CN,1595727549
225,atar,20.52,-13.05,301.74,47,0,3.72,MR,1595727550
226,bethel,41.37,-73.41,299.15,74,1,3.6,US,1595727551
227,hare bay,48.85,-54.01,291.15,82,75,4.1,CA,1595727552
228,ketou,7.36,2.6,294.87,94,51,2.19,BJ,1595727553
229,redding,40.59,-122.39,311.15,17,1,5.1,US,1595727455
230,merauke,-8.47,140.33,300.11,78,77,8.36,ID,1595727557
231,khani,41.96,42.96,297.15,88,75,2.1,GE,1595727558
232,avera,33.19,-82.53,299.15,94,1,1.5,US,1595727559
233,lincoln,40.8,-96.67,304.15,62,1,5.7,US,1595727472
234,tura,25.52,90.22,301.06,80,77,1.5,IN,1595727562
235,fortuna,40.6,-124.16,290.37,72,20,6.7,US,1595727563
236,antalaha,-14.9,50.28,293.29,86,98,6.29,MG,1595727565
237,marystown,47.17,-55.15,287.93,94,16,3.78,CA,1595727566
238,marau,-28.45,-52.2,278.05,90,100,0.05,BR,1595727567
239,neustadt,49.71,12.09,288.15,100,90,1.79,DE,1595727568
240,champerico,14.3,-91.92,300.95,73,98,2.64,GT,1595727569
241,waipawa,-41.41,175.52,287.15,62,0,1.5,NZ,1595727570
242,vieux fort,13.72,-60.95,302.15,83,20,9.3,LC,1595727571
243,arraias,-12.93,-46.94,291.98,31,0,2.83,BR,1595727573
244,akdepe,42.06,59.38,302.15,51,90,7.2,TM,1595727574
245,timmins,48.47,-81.33,299.15,83,90,2.1,CA,1595727495
246,victoria,22.29,114.16,304.82,66,63,5.81,HK,1595727576
247,ancud,-41.87,-73.82,282.59,100,90,3.1,CL,1595727577
248,zeya,53.75,127.27,296.02,76,100,1.22,RU,1595727578
249,umm lajj,25.02,37.27,303.64,61,3,4.13,SA,1595727579
250,tamiahua,21.27,-97.45,301.45,81,81,5.34,MX,1595727580
251,tayshet,55.93,98.0,292.21,83,75,1.56,RU,1595727582
252,ribeira grande,38.52,-28.7,295.17,86,11,5.79,PT,1595727583
253,werota,11.92,37.7,289.62,89,100,0.59,ET,1595727584
254,teya,60.38,92.63,292.43,60,3,0.53,RU,1595727585
255,tarsus,36.92,34.88,299.15,100,40,1.5,TR,1595727586
256,imbituba,-28.24,-48.67,288.15,72,75,2.1,BR,1595727588
257,alofi,-19.06,-169.92,298.15,69,98,7.7,NU,1595727589
258,lasa,46.62,10.7,284.15,87,5,1.07,IT,1595727591
259,nikolskoye,59.7,30.79,286.48,93,75,1,RU,1595727592
260,qaanaaq,77.48,-69.36,278.89,64,0,0.65,GL,1595727593
261,vardo,70.37,31.11,287.2,73,0,2.57,NO,1595727594
262,hinton,53.4,-117.59,292.04,40,56,2.35,CA,1595727595
263,la ronge,55.1,-105.28,288.15,87,75,3.1,CA,1595727596
264,dumas,35.87,-101.97,303.71,45,1,5.1,US,1595727597
265,bastia,42.67,9.33,296.48,73,0,2.1,FR,1595727598
266,hermanus,-34.42,19.23,287.04,95,94,0.89,ZA,1595727600
267,trebisacce,39.87,16.53,294.26,74,0,0.45,IT,1595727601
268,kyren,51.68,102.14,292.22,72,65,1.2,RU,1595727602
269,kindu,-2.95,25.95,293.98,54,0,0.76,CD,1595727603
270,bay city,43.59,-83.89,301.15,51,1,2.1,US,1595727605
271,grand-santi,4.25,-54.38,296.17,95,92,1.06,GF,1595727606
272,fare,-16.7,-151.02,299.02,77,13,6.36,PF,1595727608
273,sosnogorsk,63.6,53.88,288.85,64,52,0.92,RU,1595727609
274,belaya gora,68.53,146.42,307.26,22,85,4.57,RU,1595727610
275,provideniya,64.38,-173.3,286.7,63,81,3.37,RU,1595727611
276,yantzaza,-3.83,-78.76,291.93,84,100,0.4,EC,1595727612
277,ormara,25.21,64.64,302.19,83,100,5.19,PK,1595727613
278,kalat,29.02,66.59,294.62,59,1,0.58,PK,1595727614
279,samarai,-10.62,150.67,299.46,86,97,7.18,PG,1595727615
280,margate,51.38,1.39,288.15,96,0,0.89,GB,1595727617
281,acarau,-2.89,-40.12,298.17,80,86,5.31,BR,1595727618
282,basco,20.45,121.97,302.67,78,100,4.36,PH,1595727619
283,rauma,61.13,21.51,282.15,100,22,1.5,FI,1595727620
284,sangar,63.92,127.47,293.11,54,0,2.62,RU,1595727621
285,borgarnes,64.54,-21.92,283.15,66,75,4.1,IS,1595727622
286,lompoc,34.64,-120.46,292.04,72,0,6.7,US,1595727623
287,lamar,33.67,-95.58,302.15,70,20,4.6,US,1595727625
288,gat,31.61,34.76,298.15,63,0,0.61,IL,1595727626
289,adrar,20.5,-10.07,306.93,20,0,5.78,MR,1595727627
290,lichinga,-13.31,35.24,284.13,94,98,3.75,MZ,1595727628
291,coihaique,-45.58,-72.07,276.15,93,98,2.1,CL,1595727629
292,san patricio,19.22,-104.7,302.15,79,75,4.1,MX,1595727630
293,amapa,1.0,-52.0,295.03,97,4,0.66,BR,1595727631
294,sangueya,10.7,-14.37,296.64,95,100,1.59,GN,1595727632
295,jiangyou,31.77,104.72,301.19,55,16,1.51,CN,1595727634
296,tazovskiy,67.47,78.7,284.83,72,74,5.7,RU,1595727635
297,makokou,0.57,12.86,293.07,95,98,1.48,GA,1595727636
298,talnakh,69.49,88.4,283.15,81,0,11,RU,1595727637
299,steamboat springs,40.48,-106.83,294.15,43,1,2.33,US,1595727638
300,makakilo city,21.35,-158.09,305.15,52,20,4.1,US,1595727639
301,novyy urengoy,66.08,76.63,288.11,72,79,5.56,RU,1595727640
302,luderitz,-26.65,15.16,286.15,76,0,1,NA,1595727641
303,tiksi,71.69,128.87,277.33,96,100,5.44,RU,1595727643
304,coos bay,43.37,-124.22,291.48,77,1,10.3,US,1595727644
305,weihe,33.0,105.32,299.82,59,0,0.89,CN,1595727645
306,grand gaube,-20.01,57.66,294.26,60,83,5.36,MU,1595727646
307,de aar,-30.65,24.01,279.69,61,0,2.68,ZA,1595727647
308,lamesa,32.74,-101.95,305.15,40,75,7.7,US,1595727648
309,camacari,-12.7,-38.32,298.15,78,40,2.6,BR,1595727649
310,kabwe,-14.45,28.45,282.23,93,3,1.85,ZM,1595727650
311,sinnamary,5.38,-52.95,298.95,87,78,3.81,GF,1595727652
312,mazamari,-11.33,-74.53,292.78,81,40,0.67,PE,1595727653
313,bugac,46.69,19.68,292.04,93,40,2.1,HU,1595727655
314,bengkulu,-3.8,102.27,299.76,77,1,3.03,ID,1595727656
315,olinda,-8.01,-34.86,297.15,83,75,4.6,BR,1595727657
316,baculin,7.45,126.58,303.05,66,80,1.63,PH,1595727658
317,ulaangom,49.98,92.07,295.88,41,30,1.59,MN,1595727660
318,shaowu,27.34,117.48,304.4,68,100,1.22,CN,1595727662
319,touros,-5.2,-35.46,296.15,88,20,2.1,BR,1595727536
320,nerchinskiy zavod,51.31,119.61,298.58,67,85,2.19,RU,1595727664
321,armentieres,50.69,2.88,289.82,90,79,3.13,FR,1595727665
322,mamburao,13.25,120.67,302.72,68,78,2.08,PH,1595727666
323,bambanglipuro,-7.95,110.28,299.72,66,96,5.7,ID,1595727667
324,sept-iles,50.2,-66.38,292.04,100,90,2.6,CA,1595727669
325,taungdwingyi,20.02,95.55,302.01,77,89,3.42,MM,1595727670
326,vila praia de ancora,41.81,-8.85,293.15,93,11,2.1,PT,1595727671
327,pervomaysk,48.04,30.85,292.92,55,100,0.23,UA,1595727672
328,tambun,-6.26,107.07,300.15,65,20,2.1,ID,1595727673
329,aswan,24.09,32.91,303.31,22,33,4.58,EG,1595727674
330,mercedes,-34.65,-59.43,280.37,90,0,3.82,AR,1595727675
331,byron bay,-28.65,153.62,289.26,100,90,2.6,AU,1595727533
332,khash,28.22,61.22,295.99,75,0,0.53,IR,1595727678
333,mahebourg,-20.41,57.7,294.15,56,75,5.1,MU,1595727679
334,dingle,11.0,122.67,303.43,70,14,0.61,PH,1595727680
335,havoysund,71.0,24.66,290.15,55,0,11.3,NO,1595727682
336,bandarbeyla,9.49,50.81,298.88,65,98,11.52,SO,1595727684
337,san miguel,13.48,-88.18,297.56,91,93,1.42,SV,1595727660
338,rodrigues alves,-7.74,-72.65,295.36,97,100,1.1,BR,1595727687
339,cape canaveral,28.41,-80.6,302.04,83,1,3.1,US,1595727688
340,muromtsevo,56.37,75.24,287.16,93,50,3.57,RU,1595727689
341,cabedelo,-6.98,-34.83,296.15,100,75,1.5,BR,1595727690
342,chernyshevskiy,63.01,112.47,288.68,59,3,5.09,RU,1595727691
343,grand island,40.92,-98.34,305.15,55,1,8.2,US,1595727431
344,rajauri,33.38,74.3,299.07,67,11,0.52,IN,1595727693
345,astoria,46.19,-123.83,291.48,68,1,8.2,US,1595727480
346,kushiro,42.98,144.37,288.15,100,75,2.6,JP,1595727696
347,ambilobe,-13.2,49.05,294.49,60,100,2.19,MG,1595727697
348,mangit,40.6,70.96,298.15,50,46,4.1,UZ,1595727698
349,ust-nera,64.57,143.2,299.89,37,0,3,RU,1595727699
350,pag,44.45,15.06,289.15,93,35,1,HR,1595727700
351,hun,29.13,15.95,294.9,51,0,0.09,LY,1595727701
352,praia da vitoria,38.73,-27.07,295.15,88,20,2.26,PT,1595727702
353,tres lagoas,-20.75,-51.68,291.59,72,0,2.87,BR,1595727704
354,nova olimpia,-14.8,-57.29,290.9,54,0,2.1,BR,1595727705
355,dicabisagan,17.08,122.42,304.29,60,28,2.96,PH,1595727706
356,maarianhamina,60.1,19.93,282.15,100,61,2.85,AX,1595727570
357,jalingo,8.88,11.37,296.38,88,88,1.7,NG,1595727708
358,nizhnyaya tavda,57.67,66.17,286.34,68,3,2.14,RU,1595727709
359,goryachiy klyuch,44.63,39.13,296.48,56,20,3,RU,1595727710
360,tomatlan,19.93,-105.25,298.35,91,100,1.47,MX,1595727713
361,baft,29.23,56.61,295.39,33,0,2.61,IR,1595727714
362,teahupoo,-17.83,-149.27,301.15,61,20,2.6,PF,1595727715
363,dabakala,8.37,-4.43,294.55,96,92,2.27,CI,1595727716
364,sao joao da barra,-21.64,-41.05,294.95,88,0,5.4,BR,1595727718
365,liuhe,42.24,125.72,300.71,62,26,1.79,CN,1595727720
366,novobirilyussy,56.95,90.67,287.67,94,93,2.34,RU,1595727721
367,rock hill,34.92,-81.03,297.59,83,20,2.1,US,1595727722
368,cherskiy,68.75,161.3,303.3,25,0,6.04,RU,1595727723
369,tiarei,-17.53,-149.33,301.15,61,20,2.6,PF,1595727724
370,lugovoy,42.95,72.76,299.38,24,1,1.05,KZ,1595727726
371,luwuk,-0.95,122.79,296.75,84,100,3.53,ID,1595727728
372,moville,42.49,-96.07,304.15,62,1,7.2,US,1595727729
373,kozhevnikovo,56.26,83.97,288.71,88,100,2.27,RU,1595727730
374,sar-e pul,35.83,66.17,295.0,34,0,0.81,AF,1595727731
375,duvan,55.7,57.9,286.77,94,100,2.75,RU,1595727733
376,port blair,11.67,92.75,300.15,88,40,0.5,IN,1595727735
377,hanzhong,33.07,107.03,298.02,71,1,0.76,CN,1595727736
378,okha,53.57,142.95,288.14,67,0,5.76,RU,1595727737
379,chapais,49.78,-74.85,291.15,93,90,1,CA,1595727738
380,ixtapa,20.7,-105.2,302.59,79,90,3.6,MX,1595727739
381,alta floresta,-9.88,-56.09,296.04,53,1,1.53,BR,1595727741
382,gornopravdinsk,60.05,69.9,287.89,69,75,1.69,RU,1595727742
383,kabinda,-6.13,24.48,291.33,41,54,1.85,CD,1595727743
384,yulara,-25.24,130.99,287.15,54,0,4.1,AU,1595727745
385,olafsvik,64.89,-23.71,281.87,76,97,13.18,IS,1595727747
386,padang,-0.95,100.35,301.04,70,79,1.08,ID,1595727750
387,la romana,18.43,-68.97,300.15,88,75,2.1,DO,1595727578
388,mount gambier,-37.83,140.77,286.86,56,50,0.84,AU,1595727753
389,beringovskiy,63.05,179.32,290.1,63,75,3.29,RU,1595727755
390,kaitangata,-46.28,169.85,285.93,56,48,6.26,NZ,1595727756
391,rawson,-43.3,-65.1,282.54,65,0,7.87,AR,1595727757
392,emerald,-23.53,148.17,294.26,50,20,3.13,AU,1595727759
393,chuy,-33.7,-53.46,279.26,81,0,3.85,UY,1595727760
394,galesong,-5.32,119.37,298.15,83,20,0.5,ID,1595727761
395,albanel,48.88,-72.45,292.15,93,90,2.6,CA,1595727762
396,khandyga,62.67,135.6,296.64,39,100,4.97,RU,1595727763
397,malinyi,-8.93,36.13,292.87,63,73,1.71,TZ,1595727764
398,necochea,-38.55,-58.74,280.93,77,87,5.36,AR,1595727765
399,manzhouli,49.6,117.43,298.08,65,100,4.99,CN,1595727768
400,rocha,-34.48,-54.33,278.15,77,0,3.19,UY,1595727626
401,gotsu,35.0,132.22,300.15,69,75,6.7,JP,1595727770
402,hit,33.64,42.83,303.13,18,0,2.04,IQ,1595727771
403,srikakulam,18.3,83.9,302.14,76,15,3.21,IN,1595727772
404,pioner,55.32,85.95,290.15,100,40,2,RU,1595727773
405,tongliao,43.61,122.27,306.63,30,0,4.01,CN,1595727775
406,mehamn,71.04,27.85,287.97,66,0,3.46,NO,1595727776
407,bukachacha,52.98,116.92,297.73,64,100,3.53,RU,1595727778
408,stromness,58.97,-3.3,283.15,100,100,2.6,GB,1595727779
409,meulaboh,4.14,96.13,300.06,79,4,1.32,ID,1595727780
410,oktyabrskoye,43.06,44.74,292.15,88,100,1,RU,1595727782
411,moindou,-21.69,165.68,301.15,54,20,4.1,NC,1595727783
412,havre-saint-pierre,50.23,-63.6,287.15,93,90,1.5,CA,1595727784
413,pyinmana,19.73,96.22,302.56,75,93,1.99,MM,1595727786
414,kismayo,-0.36,42.55,298.24,80,22,8.71,SO,1595727787
415,wanning,18.8,110.4,304.24,65,86,5.52,CN,1595727788
416,seymchan,62.88,152.43,301.34,29,0,6.79,RU,1595727789
417,saint george,37.1,-113.58,310.37,13,1,6.2,US,1595727791
418,bahia blanca,-38.72,-62.27,283.38,48,98,6.31,AR,1595727728
419,vanavara,60.34,102.28,293.02,51,57,0.63,RU,1595727794
420,ukiah,39.15,-123.21,307.15,21,1,1.5,US,1595727795
421,nanortalik,60.14,-45.24,279.65,86,93,1.48,GL,1595727796
422,vaitape,-16.52,-151.75,299.31,77,34,6.91,PF,1595727797
423,coahuayana,18.73,-103.68,298.82,86,100,0.79,MX,1595727798
424,ausa,41.93,2.25,291.48,92,2,1.48,ES,1595727800
425,merritt island,28.54,-80.67,302.04,78,20,2.97,US,1595727642
426,singkang,2.1,102.8,301.15,78,20,1,MY,1595727802
427,mnogovershinnyy,53.94,139.92,291.63,43,0,2.86,RU,1595727804
428,shumskiy,54.83,99.13,294.31,71,100,1.46,RU,1595727805
429,kaeo,-35.1,173.78,287.59,3,87,3.13,NZ,1595727807
430,cauquenes,-35.97,-72.32,279.59,87,100,1.53,CL,1595727809
431,san vicente,-26.62,-54.13,278.47,82,100,1.55,AR,1595727810
432,chikwawa,-16.03,34.8,287.65,90,10,0.69,MW,1595727811
433,tuy hoa,13.08,109.3,303.97,64,0,1.86,VN,1595727812
434,kristiansund,63.11,7.73,284.15,87,70,5.7,NO,1595727813
435,ullapool,57.9,-5.16,285.37,91,90,2.25,GB,1595727814
436,ron,15.67,75.73,295.72,86,100,4.93,IN,1595727816
437,kalnibolotskaya,46.01,40.46,295.06,41,0,5.18,RU,1595727818
438,farafangana,-22.82,47.83,290.4,74,3,3.45,MG,1595727819
439,tabou,4.42,-7.35,297.25,79,68,3.63,CI,1595727820
440,kaka,37.35,59.61,301.92,20,0,1.78,TM,1595727822
441,katsuura,35.13,140.3,302.15,83,75,3.1,JP,1595727823
442,clinton,42.59,-82.92,300.37,73,75,4.6,US,1595727648
443,key west,24.56,-81.78,302.15,74,1,5.1,US,1595727825
444,gainesville,29.65,-82.32,300.93,78,1,2.1,US,1595727787
445,korla,41.76,86.15,303.27,25,0,3.65,CN,1595727828
446,valparaiso,-33.04,-71.63,286.15,62,94,2.6,CL,1595727277
447,asau,46.43,26.4,288.71,93,100,0.96,RO,1595727830
448,tshikapa,-6.42,20.8,292.21,36,0,0.64,CD,1595727831
449,kafanchan,9.58,8.3,292.43,97,66,0.59,NG,1595727832
450,meadow lake,34.8,-106.54,295.37,88,90,5.1,US,1595727833
451,palmer,42.16,-72.33,297.59,88,75,0.8,US,1595727834
452,brus laguna,15.75,-84.48,298.01,92,95,1.42,HN,1595727835
453,ola,59.58,151.28,287.95,74,90,5.33,RU,1595727837
454,saint-gaudens,43.08,0.67,292.04,87,5,1.07,FR,1595727838
455,andrelandia,-21.74,-44.31,286.72,82,0,1.03,BR,1595727839
456,warrnambool,-38.38,142.48,283.15,94,0,0.47,AU,1595727840
457,saint pete beach,27.73,-82.74,301.15,74,1,2.1,US,1595727841
458,mildura,-34.2,142.15,285.37,71,0,2.6,AU,1595727842
459,mayo,38.89,-76.51,301.15,74,1,2.6,US,1595727672
460,chernyshevsk,52.52,117.02,299.76,61,90,4.16,RU,1595727844
461,isabela,6.71,121.97,303.15,70,75,1,PH,1595727846
462,matara,5.95,80.54,299.41,84,89,5.47,LK,1595727847
463,takoradi,4.88,-1.76,296.4,89,66,3.38,GH,1595727848
464,iqaluit,63.75,-68.51,280.15,87,40,1,CA,1595727849
465,suamico,44.63,-88.04,302.15,70,1,4.1,US,1595727851
466,taksimo,56.34,114.88,296.41,53,11,1.42,RU,1595727852
467,skjervoy,70.03,20.97,288.15,72,40,2.6,NO,1595727853
468,zhezkazgan,47.8,67.71,294.48,57,99,1.57,KZ,1595727855
469,komsomolskiy,40.43,71.72,298.15,50,38,2.1,UZ,1595727856
470,petawawa,45.9,-77.33,298.15,53,1,2.68,CA,1595727857
471,mabaruma,8.2,-59.78,297.19,96,99,1.56,GY,1595727858
472,richards bay,-28.78,32.04,290.29,73,0,6.66,ZA,1595727859
473,raiwind,31.25,74.22,302.15,79,40,3.1,PK,1595727860
474,ostrovnoy,68.05,39.51,288.92,74,58,0.83,RU,1595727861
475,conde,-7.26,-34.91,296.15,100,75,1.5,BR,1595727679
476,ahome,25.92,-109.18,304.26,62,5,7.2,MX,1595727864
477,beyneu,45.32,55.2,300.01,19,62,4.83,KZ,1595727865
478,lithakia,37.72,20.83,293.15,88,0,5.53,GR,1595727866
479,walvis bay,-22.96,14.51,295.93,27,0,7.7,NA,1595727867
480,kavaratti,10.57,72.64,300.61,79,100,7.31,IN,1595727868
481,saint anthony,45.02,-93.22,301.15,83,75,4.1,US,1595727869
482,tual,-5.67,132.75,299.39,81,68,10,ID,1595727870
483,lundazi,-12.29,33.18,287.28,81,100,5.07,ZM,1595727871
484,shubarshi,48.59,57.19,294.11,54,69,3.89,KZ,1595727872
485,vao,-22.67,167.48,294.59,82,9,9.67,NC,1595727874
486,neryungri,56.67,124.65,294.61,67,93,1.52,RU,1595727875
487,rio grande,-32.03,-52.1,277.59,95,0,5.66,BR,1595727623
488,soma,39.19,27.61,296.15,93,3,2.62,TR,1595727878
489,biak,-0.91,122.88,296.34,89,100,3.83,ID,1595727879
490,fort nelson,58.81,-122.7,296.15,35,20,4.1,CA,1595727880
491,maragogi,-9.01,-35.22,296.1,83,4,5.35,BR,1595727797
492,garowe,8.41,48.48,296.32,66,35,11.38,SO,1595727883
493,carutapera,-1.2,-46.02,297.39,88,28,2.04,BR,1595727885
494,mariental,-24.63,17.97,283.15,48,0,5,NA,1595727886
495,geraldton,-28.77,114.6,288.15,87,0,3.6,AU,1595727887
496,mumbwa,-14.98,27.06,281.87,90,0,1.72,ZM,1595727888
497,guadalupe y calvo,26.1,-106.97,288.22,98,100,1,MX,1595727889
498,najran,17.49,44.13,303.15,30,99,1.5,SA,1595727890
499,evensk,61.95,159.23,288.94,67,10,5.04,RU,1595727892
500,camabatela,-8.19,15.38,285.17,95,0,0.91,AO,1595727893
501,snejbjerg,56.14,8.9,290.37,100,100,4.1,DK,1595727894
502,stony plain,53.53,-114.0,294.26,63,40,3.88,CA,1595727897
503,klaksvik,62.23,-6.59,284.15,76,100,9.3,FO,1595727899
504,taoudenni,22.68,-3.98,308.22,30,0,2.44,ML,1595727902
505,taybad,34.74,60.78,299.41,20,0,5.8,IR,1595727627
506,bahar,34.91,48.44,292.19,41,40,1.2,IR,1595727905
507,massakory,13.0,15.73,300.63,54,100,2,TD,1595727906
508,storozhevaya,43.88,41.45,289.26,85,99,2.01,RU,1595727907
509,uberaba,-19.75,-47.93,291.9,48,0,2.06,BR,1595727909
510,vanimo,-2.67,141.3,302.39,71,98,0.77,PG,1595727910
511,mbandaka,0.05,18.26,295.01,82,100,0.57,CD,1595727911
512,hovd,48.01,91.64,293.42,39,3,0.79,MN,1595727912
513,aykhal,66.0,111.5,278.15,93,90,4,RU,1595727913
514,kokopo,-4.35,152.26,303.77,62,22,4.06,PG,1595727914
515,kaoma,-14.78,24.8,281.93,86,0,2.83,ZM,1595727915
516,port macquarie,-31.43,152.92,289.15,93,75,4.6,AU,1595727916
517,commerce,34.0,-118.16,299.82,56,1,2.1,US,1595727850
518,belmonte,-15.86,-38.88,295.15,94,75,2.1,BR,1595727919
519,bethlehem,-1.46,-48.5,300.15,83,40,3.6,BR,1595727774
520,teguise,29.06,-13.56,296.15,73,75,9.8,ES,1595727921
521,gohpur,26.88,93.63,302.06,81,99,2.42,IN,1595727922
522,bazaliya,49.71,26.47,289.74,98,100,2.47,UA,1595727923
523,yar-sale,66.83,70.83,286.83,79,3,5.09,RU,1595727924
524,araouane,18.9,-3.53,307.84,35,0,2.6,ML,1595727925
525,sao miguel do araguaia,-13.28,-50.16,295.49,39,0,2.04,BR,1595727926
526,karabash,55.48,60.22,285.86,95,100,1.16,RU,1595727928
527,aviles,43.55,-5.92,291.48,82,20,1.5,ES,1595727929
528,kavieng,-2.57,150.8,303.1,72,64,6.17,PG,1595727930
529,kasane,-17.82,25.15,283.03,62,0,3.21,BW,1595727932
530,huntsville,34.73,-86.59,301.15,74,75,1.27,US,1595727858
531,henties bay,-22.12,14.28,295.93,24,0,1.34,NA,1595727934
532,gushikawa,26.35,127.87,301.15,88,75,3.6,JP,1595727935
533,chichi,7.27,8.93,295.9,91,100,3,NG,1595727937
534,colombo,6.93,79.85,301.15,83,40,2.1,LK,1595727938
535,batagay,67.63,134.63,294.56,66,100,4.79,RU,1595727939
536,alice town,25.72,-79.3,301.36,78,12,9.4,BS,1595727941
537,accra,5.56,-0.2,298.15,88,75,5.7,GH,1595727775
538,huadian,42.96,126.75,300.97,50,0,1.71,CN,1595727943
539,muli,2.92,73.57,301.13,71,100,4.57,MV,1595727945
540,sivas,39.79,37.0,286.15,87,1,3.6,TR,1595727946
541,peace river,56.25,-117.29,293.15,56,75,5.1,CA,1595727936
542,sistranda,63.73,8.83,281.15,93,0,2.1,NO,1595727948
543,paamiut,61.99,-49.67,280.62,87,14,2,GL,1595727949
544,iwanai,42.97,140.51,297.22,66,100,1.13,JP,1595727950
545,savannah bight,16.45,-85.85,302.26,77,0,11.89,HN,1595727952
546,baruun-urt,46.68,113.28,292.43,76,100,4.56,MN,1595727953
547,namatanai,-3.67,152.43,303.09,67,47,3.94,PG,1595727954
548,esna,25.29,32.55,303.15,30,0,2.6,EG,1595727955
549,broken hill,-31.95,141.43,286.15,58,0,5.7,AU,1595727956
550,olenino,56.21,33.49,285.78,98,58,2.46,RU,1595727957
551,san policarpo,12.18,125.51,303.01,69,7,1.81,PH,1595727958
552,san jose,37.34,-121.89,301.48,53,40,6.7,US,1595727954
553,tuatapere,-46.13,167.68,285.08,67,25,3.08,NZ,1595727961
554,maniitsoq,65.42,-52.9,281.07,90,100,4.27,GL,1595727962
555,pochutla,15.74,-96.47,302.04,79,97,0.46,MX,1595727963
556,husavik,66.04,-17.34,281.15,87,90,4.1,IS,1595727964
557,kahului,20.89,-156.47,305.15,46,40,8.2,US,1595727965
558,jacqueville,5.21,-4.41,296.15,100,20,4.85,CI,1595727966
559,nhulunbuy,-12.23,136.77,300.15,65,75,7.2,AU,1595727970
560,itarema,-2.92,-39.92,298.56,79,90,6.2,BR,1595727971
561,jibuti,11.5,42.5,299.15,83,90,1.5,DJ,1595727972
562,kardla,59.0,22.75,285.37,91,35,1.79,EE,1595727973
563,yining,29.04,114.56,303.85,81,59,0.42,CN,1595727974
564,tessalit,20.2,1.01,303.3,42,99,1.99,ML,1595727975
565,puerto penasco,31.32,-113.53,303.71,75,0,2.24,MX,1595727976
566,rio gallegos,-51.62,-69.22,268.15,85,95,5.7,AR,1595727800
567,half moon bay,37.46,-122.43,296.48,53,5,4.1,US,1595727979
568,gore,-46.1,168.94,284.69,68,46,3.35,NZ,1595727980
569,murray bridge,-35.12,139.27,289.26,76,42,0.78,AU,1595727981
570,zhuhai,22.28,113.57,307.04,70,20,4.6,CN,1595727983
